Timestamp,Question,Answer,Rating,Feedback,LLM Model Used
2024-09-09 00:45:26,what was discussed about noise pollution?,"During the recent Parliament discussions, several key points were raised regarding noise pollution and broader environmental concerns, particularly air quality. The emphasis was mostly on strategies for improving air quality in various cities, including Delhi, and how specific government initiatives, such as the National Clean Air Program, aim to address pollution.

1. **Air Quality Monitoring**: The government has made efforts to monitor various pollutants including carbon monoxide, nitrogen oxides, sulfur oxides, particulate matter, and other harmful substances in the air. This data is crucial for identifying cities that do not meet air quality standards, with the government then providing targeted interventions through the National Clean Air Program.

2. **Government Schemes**: The discussion highlighted the multiple government initiatives aimed at improving air quality, such as the Swachh Bharat Mission, Atal Mission for Rejuvenation and Urban Transformation, and the Smart City Mission. Each of these programs includes provisions for managing not just air quality but also related issues like waste management.

3. **Fiscal Allocations**: There were concerns raised by Members of Parliament regarding the adequacy of budget allocations to tackle air pollution effectively. For example, it was stated that approximately â‚¹11,210 crores have been sanctioned by the 15th Finance Commission over the past decade for air quality management, water quality, solid waste management, and dust management.

4. **Federal Structure**: The discussion also touched upon the federal structure of pollution control in India, with both the Central Pollution Control Board (CPCB) and state pollution control boards playing vital roles. Although the central government issues directions, the implementation often falls to the state boards, which has led to some questions about accountability and effectiveness.

5. **Penal Measures vs. Incentives**: Concern was expressed about the focus on imposing penalties for pollution, such as those for stubble burning and older vehicles. There was a call for a more balanced approach that includes incentivizing cleaner practices along with any punitive measures to encourage compliance and improvement in air quality.

In summary, while there was a strong acknowledgment of the seriousness of noise and air pollution in urban areas, the discussions revealed a mix of government initiatives, budget concerns, and a need for enhanced collaborative strategies between central and state authorities to tackle these pressing environmental issues effectively.",5,Informative!,gpt-4o-mini
2024-09-09 00:45:43,what was discussed about noise pollution?,"The discussions on noise pollution were not specifically mentioned in the provided transcripts. However, the focus of the discussions was primarily on air pollution, its impact on various cities in India, and the government's efforts to improve air quality through different initiatives and programs. The details shared by ministers during the sessions highlighted specific measures taken to address air pollution, such as transitioning to BS6 petrol, building expressways to manage traffic, providing support to farmers to address stubble burning, diverting industries to PNG, and improving the quality of DG sets.

It is essential to note that while noise pollution was not explicitly addressed in the transcripts provided, it remains a significant environmental concern that can have adverse effects on public health and well-being. Addressing noise pollution requires comprehensive strategies and regulations to mitigate its impact on the environment and society. If noise pollution is a concern in specific areas, it is crucial for policymakers to consider implementing measures to monitor and alleviate this form of pollution effectively.",2,,gpt-3.5-turbo
2024-09-09 00:46:17,Was anything about the NEET paper leak issue discussed?,"Yes, the NEET paper leak issue was discussed during the Lok Sabha Question Hour in the Budget Session. Here are the key points related to the NEET paper leak issue based on the provided transcript:

1. **Ongoing Supreme Court Case**: It was stated that the matter of NEET exams, including the centralized examination pattern, is currently under review by the Supreme Court. The implication is that any decisions or changes regarding NEET will be subject to the Court's directives.

2. **Frequency of Leaks**: A member mentioned that there have been concerns about NEET paper leaks happening repeatedly, with a claim of 70 instances of such leaks being mentioned.

3. **Examination Integrity and Security**: There was a call for the Minister to provide specific details on measures to ensure the integrity of the examination process and prevent future paper leaks. This included suggestions on technological advancements and additional security protocols.

4. **Student Impact and State Proposition**: A member highlighted the significant impact of the NEET exams on students, particularly in the state of Tamil Nadu, where there has been consistent opposition to NEET since its inception. Specific mentions were made about student deaths linked to the stress and pressure of NEET exams. The member questioned if there was any proposal to scrap NEET and strongly advocated for the decision on NEET implementation to be left to individual states.

5. **Government's Current Stance**: Despite the calls for scrapping NEET, it was noted that the government currently has no proposal to scrap the NEET UG examination.

In summary, the NEET paper leak issue is a prominent concern, with discussions on examination integrity, recurring instances of leaks, and the significant emotional and psychological impact on students, particularly in Tamil Nadu. The matter is also being looked at by the Supreme Court, which will provide further guidance on the issue.",5,Good,gpt-4o
2024-09-09 00:47:07,Water pollution issues,"The discussions during the Question Hour Budget Session in the Indian Parliament revolve around the implementation and issues faced with the Jal Jeevan Mission, a program aimed at providing clean and safe drinking water to every household in India. 

The key water pollution issues highlighted in the parliamentary discussions involve:

1. Availability and Access to Water: Initial issues raised pertain to the access and availability of water, particularly in Kerala, where it has become a challenge. The lessons learned from the situation in Kerala have been perceived as a much-needed redressal in infrastructural development in the water sector to achieve the mission's objective of providing safe and portable drinking water. 

2. Water Quality: Ensuring sufficient water sources and preventing water pollution have been noted as central challenges. Concerns have been raised over certain areas receiving air instead of water from the taps due to extensive water source depletion. Implementation of this program would require significant improvements in existing water sources as well as the creation of new ones.

3. Testing and Purity: There is a call for regular chemical testing of the supplied water to ensure it is clean and safe to consume. This talk of purity is a reference to the aim of the Jal Jeevan Mission aiming to provide clean water instead of the previously available polluted water. 

4. Pollution Risks: There was also a highlighted concern over groundwater quality in Bihar, considering reports about the widespread prevalence of cancer caused by excessive levels of dirty ash in drinking water. This particular issue demands particular attention on how the Jal Jeevan Mission is being implemented in such areas. 

5. Local Challenges and Funding: For example, the scarcity of drinking water in Daman and Dadra and Nagar Haveli despite the presence of natural water bodies like canals and ponds. The issue seems aggravated due to these sources being exploited by liquor manufacturers. The discussion extends to inquiries about the government's plans for providing safe potable water in these areas, the ongoing schemes, and their respective funding details.

In summary, the discussion reflects the necessity for a national mission like Jal Jeevan Mission to focus on regional challenges that affect water availability and quality. These issues necessitate effective natural resource management, cleaning of polluted water bodies, efficient testing mechanisms, and appropriate infrastructure development.",4,Good,gpt-4
